0,100,0,0	0,0,0,0	0,0,0,0
100,0,0,0	0,0,0,0	0,0,0,0
0,100,0,0	0,0,0,0	0,0,0,0
0,0,100,0	0,0,0,0	0,0,0,0
0,0,100,0	0,0,0,0	0,0,0,0
0,100,0,0	0,0,0,0	0,0,0,0
0,0,0,100	0,0,0,0	0,0,0,0
0,100,0,0	0,0,0,0	0,0,0,0
0,0,100,0	0,0,0,0	0,0,0,0
1,99,0,0	0,0,0,0	0,0,0,0
0,100,0,0	0,0,0,0	0,0,0,0
0,100,0,0	0,0,0,0	0,0,0,0
0,0,100,0	0,0,0,0	0,0,0,0
0,0,100,0	0,0,0,0	0,0,0,0
1,0,99,0	0,0,0,0	0,0,0,0
0,100,0,0	0,0,0,0	0,0,0,0
0,0,100,0	0,0,0,0	0,0,0,0
0,17,0,83	0,0,0,1	0,0,0,0
100,0,0,0	0,0,0,0	0,0,0,0
0,0,100,0	0,0,0,0	0,0,0,0
0,100,0,0	0,0,0,0	0,0,0,0
0,0,100,0	0,0,0,0	0,0,0,0
0,0,100,0	0,0,0,0	0,0,0,0
100,0,0,0	0,0,0,0	0,0,0,0
0,0,100,0	0,0,0,0	0,0,0,0
0,100,0,0	0,0,0,0	0,0,0,0
0,100,0,0	0,0,0,0	0,0,0,0
0,100,0,0	0,0,0,0	0,0,0,0
0,100,0,0	0,0,0,0	0,0,0,0
15,0,85,0	0,0,0,0	0,0,0,0
100,0,0,0	0,0,0,0	0,0,0,0
0,99,0,1	0,0,0,0	0,0,0,0
0,0,100,0	0,0,0,0	0,0,0,0
0,21,0,79	0,0,0,0	0,0,0,0
1,0,99,0	0,0,0,0	0,0,0,0
0,0,100,0	0,0,0,0	0,0,0,0
0,0,100,0	0,0,0,0	0,0,0,0
0,0,100,0	0,0,0,0	0,0,0,0
2,0,98,0	0,0,0,0	0,0,0,0
0,7,0,93	0,0,0,0	0,0,0,0
0,0,100,0	0,0,0,0	0,0,0,0
0,100,0,0	0,0,0,0	0,0,0,0
0,0,0,100	0,0,0,0	0,0,0,0
0,100,0,0	0,0,0,0	0,0,0,0
2,0,98,0	0,0,0,0	0,0,0,0
0,0,100,0	0,0,0,0	0,0,0,0
0,100,0,0	0,0,0,0	0,0,0,0
100,0,0,0	0,0,0,0	0,0,0,0
0,98,0,2	0,0,0,0	0,0,0,0
0,0,100,0	0,0,0,0	0,0,0,0
0,0,100,0	0,0,0,0	0,0,0,0
0,85,0,15	0,0,0,0	0,0,0,0
0,99,0,1	0,0,0,0	0,0,0,0
0,0,81,19	0,0,0,0	0,0,0,0
2,0,98,0	0,0,0,0	0,0,0,0
100,0,0,0	0,0,0,0	0,0,0,0
0,0,100,0	0,0,0,0	0,0,0,0
0,0,100,0	0,0,0,0	0,0,0,0
0,100,0,0	0,0,0,0	0,0,0,0
0,0,100,0	0,0,0,0	0,0,0,0
14,0,86,0	0,0,0,0	0,0,0,0
0,0,0,100	0,0,0,0	0,0,0,0
0,0,100,0	0,0,0,0	0,0,0,0
0,100,0,0	0,0,0,0	0,0,0,0
0,0,100,0	0,0,0,0	0,0,0,0
100,0,0,0	0,0,0,0	0,0,0,0
0,0,100,0	0,0,0,0	0,0,0,0
0,0,0,100	0,0,0,0	0,0,0,0
1,99,0,0	0,0,0,0	0,0,0,0
100,0,0,0	0,0,0,0	0,0,0,0
0,100,0,0	0,0,0,0	0,0,0,0
85,0,15,0	0,0,1,0	0,0,0,0
0,0,0,100	0,0,0,0	0,0,0,0
100,0,0,0	0,0,0,0	0,0,0,0
0,100,0,0	0,0,0,0	0,0,0,0
1,0,0,99	0,0,0,0	0,0,0,0
0,0,100,0	0,0,0,0	0,0,0,0
0,0,100,0	0,0,0,0	0,0,0,0
100,0,0,0	0,0,0,0	0,0,0,0
99,1,0,0	0,0,0,0	0,0,0,0
0,100,0,0	0,0,0,0	0,0,0,0
6,0,94,0	0,0,0,0	0,0,0,0
0,100,0,0	0,0,0,0	0,0,0,0
100,0,0,0	0,0,0,0	0,0,0,0
0,0,0,100	0,0,0,0	0,0,0,0
100,0,0,0	0,0,0,0	0,0,0,0
100,0,0,0	0,0,0,0	0,0,0,0
100,0,0,0	0,0,0,0	0,0,0,0
0,100,0,0	0,0,0,0	0,0,0,0
0,100,0,0	0,0,0,0	0,0,0,0
0,0,100,0	0,0,0,0	0,0,0,0
0,0,100,0	0,0,0,0	0,0,0,0
0,100,0,0	0,0,0,0	0,0,0,0
0,0,100,0	0,0,0,0	0,0,0,0
0,100,0,0	0,0,0,0	0,0,0,0
0,100,0,0	0,0,0,0	0,0,0,0
0,100,0,0	0,0,0,0	0,0,0,0
0,0,100,0	0,0,0,0	0,0,0,0
0,100,0,0	0,0,0,0	0,0,0,0
0,0,100,0	0,0,0,0	0,0,0,0
